SNP of interest,Number of sequences in the UK,Date range,Number of adm2s present
orf1ab:T1001I,7221,2020-03-29 to 2020-12-27,79
orf1ab:A1708D,6946,2020-09-20 to 2020-12-27,78
orf1ab:I2230T,7114,2020-03-25 to 2020-12-27,78
S:N501Y,7638,2020-06-08 to 2020-12-29,80
S:A570D,7137,2020-09-20 to 2020-12-27,78
S:P681H,7230,2020-03-23 to 2020-12-27,78
S:T716I,7195,2020-03-27 to 2020-12-27,80
S:S982A,7136,2020-09-20 to 2020-12-27,78
S:D1118H,7146,2020-09-20 to 2020-12-27,78
ORF8:Q27*,6972,2020-03-13 to 2020-12-27,77
ORF8:R52I,6933,2020-04-06 to 2020-12-27,78
ORF8:Y73C,6902,2020-09-20 to 2020-12-27,78
N:D3L,7135,2020-03-20 to 2020-12-27,78
N:S235F,7109,2020-09-17 to 2020-12-27,78
